{
  "items": [
    {
      "id": 1,
      "question": "hello",
      "answer": "Hi! How can I help you today?",
      "embedding": []
    },
    {
      "id": 2,
      "question": "what is your name",
      "answer": "I am your custom AI chatbot powered by a local JSON knowledge base and external LLMs.",
      "embedding": []
    },
    {
      "id": 3,
      "question": "hi",
      "answer": "Hi there! How can I help you today?",
      "embedding": null
    },
    {
      "id": 4,
      "question": "what is python",
      "answer": "Python is a **high-level, interpreted, general-purpose programming language**.\n\nLet's break down what each of those terms means and why Python is so popular:\n\n1.  **High-Level:**\n    *   This means it's designed to be easily readable and understandable by humans, closer to natural language than to machine code. You don't have to worry about low-level memory management or complex hardware interactions.\n    *   **Benefit:** Easier to learn, write, and debug code.\n\n2.  **Interpreted:**\n    *   Unlike compiled languages (like C++ or Java), Python code is executed line by line by an **interpreter** program, rather than being fully translated into machine code before runtime.\n    *   **Benefit:** Faster development cycles (you can run and test code immediately), and it's cross-platform (the same code can run on Windows, macOS, or Linux, as long as an appropriate interpreter is installed).\n\n3.  **General-Purpose:**\n    *   This means Python isn't designed for one specific task. It can be used for a wide variety of applications, which is a major reason for its widespread adoption.\n\n---\n\n### Key Characteristics & Why It's Popular:\n\n*   **Readability & Simplicity:** Python's syntax is often described as \"English-like\" and uses clear indentation rather than curly braces, making it very easy to read and maintain. This significantly reduces the cost of program maintenance.\n*   **Easy to Learn:** Because of its straightforward syntax and powerful features, Python is often recommended as a first programming language for beginners.\n*   **Extensive Standard Library & Ecosystem (\"Batteries Included\"):** Python comes with a huge collection of modules and packages that provide pre-written code for common tasks (e.g., working with files, networking, web services). Beyond the standard library, there's a massive open-source ecosystem of third-party libraries (like NumPy, Pandas, Django, Flask, TensorFlow) that extend its capabilities even further.\n*   **Versatility & Applications:** Python is used in almost every domain imaginable:\n    *   **Web Development:** (Django, Flask frameworks for backend)\n    *   **Data Science & Analytics:** (NumPy, Pandas, SciPy, Matplotlib)\n    *   **Machine Learning & Artificial Intelligence:** (TensorFlow, Keras, PyTorch, scikit-learn)\n    *   **Automation & Scripting:** (Automating repetitive tasks, system administration)\n    *   **Desktop GUI Development:** (PyQt, Tkinter, Kivy)\n    *   **Game Development:** (Pygame)\n    *   **Scientific Computing & Academia**\n    *   **Education**\n*   **Cross-Platform:** Python code can run on various operating systems (Windows, macOS, Linux, etc.) without modification.\n*   **Object-Oriented:** Python fully supports object-oriented programming (OOP) paradigms, which help in organizing and structuring complex code.\n*   **Large & Active Community:** There's a huge global community of Python developers, which means extensive documentation, tutorials, forums, and resources are readily available to help solve problems.\n\n---\n\n**In essence, Python is a powerful, flexible, and relatively easy-to-learn programming language that has become incredibly popular due to its readability, vast ecosystem of libraries, and ability to be used for almost any kind of software development.**",
      "embedding": null
    },
    {
      "id": 5,
      "question": "can you write a odd or even program",
      "answer": "Okay, here's a simple \"Odd or Even\" program written in Python, along with explanations for different versions.\n\n---\n\n### Understanding Odd and Even Numbers\n\n*   **Even numbers** are integers that are perfectly divisible by 2, meaning they leave no remainder when divided by 2 (e.g., 2, 4, 6, -8).\n*   **Odd numbers** are integers that are not perfectly divisible by 2, meaning they leave a remainder of 1 (or -1 for negative odd numbers) when divided by 2 (e.g., 1, 3, 5, -7).\n\nIn programming, we use the **modulo operator** (`%`) to find the remainder of a division. So, `number % 2` will tell us if a number is even or odd.\n\n---\n\n### Version 1: Simple Odd or Even Checker\n\nThis version takes one number, checks it, and then ends.\n\n```python\n# 1. Get input from the user\n# The input() function gets text, so we convert it to an integer using int()\ntry:\n    number = int(input(\"Enter an integer: \"))\n\n    # 2. Check if the number is even or odd using the modulo operator\n    # If the remainder when divided by 2 is 0, it's even.\n    if number % 2 == 0:\n        print(f\"{number} is an EVEN number.\")\n    else:\n        print(f\"{number} is an ODD number.\")\n\nexcept ValueError:\n    print(\"Invalid input. Please enter a whole number.\")\nexcept Exception as e:\n    print(f\"An unexpected error occurred: {e}\")\n\nprint(\"Program finished.\")\n```\n\n**How it works:**\n\n1.  **`number = int(input(\"Enter an integer: \"))`**:\n    *   `input(\"Enter an integer: \")` displays the message \"Enter an integer: \" to the user and waits for them to type something and press Enter. The text they type is returned as a string.\n    *   `int(...)` converts that string into an integer (a whole number). If the user types something that can't be converted to an integer (like \"hello\"), it will cause a `ValueError`.\n2.  **`try...except ValueError:`**: This block is for error handling. If the user enters text that isn't a valid integer, `int()` will raise a `ValueError`. The `except ValueError:` block catches this error and prints a friendly message instead of crashing the program.\n3.  **`if number % 2 == 0:`**:\n    *   `number % 2` calculates the remainder when `number` is divided by 2.\n    *   If the remainder is `0`, the `if` condition is `True`, meaning the number is even.\n4.  **`print(f\"{number} is an EVEN number.\")`**: If the number is even, this message is printed. The `f` before the string means it's an \"f-string,\" which allows you to easily embed variables directly into the string using curly braces `{}`.\n5.  **`else:`**: If the `if` condition is `False` (i.e., the remainder is not 0), the code inside the `else` block is executed.\n6.  **`print(f\"{number} is an ODD number.\")`**: This message is printed if the number is odd.\n\n---\n\n### Version 2: Interactive Odd or Even Checker (Loop)\n\nThis version allows the user to check multiple numbers until they choose to quit.\n\n```python\nprint(\"Welcome to the Odd or Even Checker!\")\nprint(\"Enter 'q' at any time to quit.\")\n\nwhile True: # This creates an infinite loop\n    user_input = input(\"Enter an integer: \").lower() # .lower() converts input to lowercase\n\n    if user_input == 'q':\n        break # Exit the loop if the user types 'q'\n\n    try:\n        number = int(user_input)\n\n        if number % 2 == 0:\n            print(f\"{number} is an EVEN number.\")\n        else:\n            print(f\"{number} is an ODD number.\")\n\n    except ValueError:\n        print(\"Invalid input. Please enter a whole number or 'q' to quit.\")\n    except Exception as e:\n        print(f\"An unexpected error occurred: {e}\")\n\nprint(\"Thank you for using the Odd or Even Checker. Goodbye!\")\n```\n\n**Key changes in this version:**\n\n1.  **`while True:`**: This creates an infinite loop. The program will keep asking for numbers until it's explicitly told to stop.\n2.  **`user_input = input(\"Enter an integer: \").lower()`**:\n    *   We store the raw input in `user_input` first.\n    *   `.lower()` converts whatever the user types to lowercase (e.g., \"Q\" becomes \"q\"), so the program can easily check for 'q' regardless of case.\n3.  **`if user_input == 'q': break`**: If the `user_input` is 'q', the `break` statement immediately exits the `while` loop, ending the program's interactive part.\n4.  The rest of the logic for checking odd/even and handling `ValueError` remains the same, but it's now inside the `while` loop, so it repeats.\n\nChoose the version that best suits your needs! The interactive loop version is generally more user-friendly for repeated checks.",
      "embedding": null
    },
    {
      "id": 6,
      "question": "what is the java",
      "answer": "Java is a powerful, high-level, class-based, object-oriented programming language and a computing platform first released by Sun Microsystems in 1995. It's now owned by Oracle.\n\nHere's a breakdown of what makes Java special and widely used:\n\n1.  **Object-Oriented Programming (OOP):**\n    *   Java is built on the OOP paradigm, meaning it structures programs around \"objects\" rather than actions and data rather than logic. This promotes modularity, reusability, and easier maintenance of code. Key OOP concepts in Java include classes, objects, inheritance, polymorphism, abstraction, and encapsulation.\n\n2.  **\"Write Once, Run Anywhere\" (WORA):**\n    *   This is Java's most famous characteristic. When you write Java code, it's compiled into an intermediate format called **bytecode** (a `.class` file), not machine code directly.\n    *   This bytecode can then be executed on any device that has a **Java Virtual Machine (JVM)** installed, regardless of the underlying operating system (Windows, macOS, Linux, etc.) or hardware architecture.\n\n3.  **Java Virtual Machine (JVM):**\n    *   The JVM is the core component that enables WORA. It's an abstract computing machine that acts as an interpreter for Java bytecode. It translates the bytecode into the native machine code of the specific hardware it's running on at runtime.\n\n4.  **Automatic Memory Management (Garbage Collection):**\n    *   Java handles memory management automatically through a process called garbage collection. This means developers don't have to manually allocate and deallocate memory, significantly reducing the risk of memory leaks and making development easier and less error-prone.\n\n5.  **Robustness and Security:**\n    *   Java includes features for exception handling, strong type checking, and built-in security features (like the Java Security Manager and bytecode verifier) to create robust and secure applications. It aims to eliminate common programming errors that lead to crashes and vulnerabilities.\n\n6.  **High Performance (with JIT Compiler):**\n    *   While historically Java was seen as slower than languages like C++, modern JVMs with Just-In-Time (JIT) compilers dynamically compile frequently used bytecode into native machine code at runtime, making Java applications very fast, often comparable to native code.\n\n7.  **Rich Ecosystem and APIs:**\n    *   Java boasts a vast standard library (Java API) and an enormous ecosystem of open-source libraries, frameworks (like Spring, Hibernate), and tools. This makes development faster and easier, as many common tasks already have pre-built solutions.\n\n8.  **Multithreading:**\n    *   Java has built-in support for multithreading, allowing concurrent execution of multiple parts of a program. This is crucial for building responsive user interfaces and highly scalable server-side applications.\n\n---\n\n**Key Components in the Java Ecosystem:**\n\n*   **JVM (Java Virtual Machine):** As explained, it executes Java bytecode.\n*   **JRE (Java Runtime Environment):** Contains the JVM and the necessary libraries (Java API) to *run* Java applications. If you only want to execute Java programs, you need a JRE.\n*   **JDK (Java Development Kit):** Contains the JRE, plus development tools like the Java compiler (`javac`), debugger, and other utilities. If you want to *develop* Java applications, you need a JDK.\n\n---\n\n**Where is Java Used?**\n\nJava is incredibly versatile and is used in a wide range of applications, including:\n\n*   **Enterprise Applications:** Large-scale, mission-critical backend systems for businesses (e.g., banking, e-commerce, government).\n*   **Android Development:** The primary language for native Android mobile applications.\n*   **Web Applications:** Server-side logic for websites and web services (using frameworks like Spring MVC, Struts, JavaServer Faces).\n*   **Big Data:** Technologies like Apache Hadoop and Apache Spark are often built with or use Java heavily.\n*   **Desktop Applications:** Though less common than in the past, Java (using Swing or JavaFX) can be used for GUI applications.\n*   **Scientific and Research Applications:** Due to its robustness and performance.\n*   **Embedded Systems:** For certain types of devices.\n\nIn summary, Java is a mature, stable, and highly capable language that remains one of the most popular choices for building a vast array of applications, particularly in the enterprise and mobile space, thanks to its platform independence, robust nature, and extensive ecosystem.",
      "embedding": null
    }
  ],
  "nextId": 7
}